title,description,source,mode,themes,entities,factsCount,topic,background,framing_debate,faithfulness,relevance,controversy,framing,coherence,overall,average,selected
"Pope invites new Archbishops to be 'Good Shepherds' on Feast of Saints Peter and Paul - Vatican News","During the Mass for the Solemnity of Saints Peter and Paul, Pope Leo XIV invites the faithful to be inspired by the two Patrons of Rome who, despite their flaws, became extraordinary witnesses to the Gospel. He also invites the new Metropolitan Archbishops re…","Vatican News","philosophical","religious leadership; archbishop appointments; Feast of Saints Peter and Paul; inspiration for clergy","Pope Leo XIV; Saints Peter and Paul; new Metropolitan Archbishops; Vatican News","During the Mass for the Solemnity of Saints Peter and Paul, Pope Leo XIV invited the faithful to be inspired by the two Patrons of Rome.; Pope Leo XIV also invited the new Metropolitan Archbishops to be 'Good Shepherds'.; The article was published by Vatican News on 2026-06-30 at 06:05:36 UTC.","Should the appointment of new metropolitan archbishops be explicitly tied to the pastoral model exemplified by the Patrons of Rome, Saints Peter and Paul?","On June 30, 2026, Vatican News reported that Pope Leo XIV, during the Mass for the Solemnity of Saints Peter and Paul, invited the faithful to be inspired by the two Patrons of Rome. In the same celebration, he also invited the newly appointed metropolitan archbishops to be 'Good Shepherds'.","Is it appropriate for the Church to link the responsibilities of metropolitan archbishops directly to the example set by Saints Peter and Paul?","9","10","6","9","9","8.6","8.6","1"
"Pope invites new Archbishops to be 'Good Shepherds' on Feast of Saints Peter and Paul - Vatican News","During the Mass for the Solemnity of Saints Peter and Paul, Pope Leo XIV invites the faithful to be inspired by the two Patrons of Rome who, despite their flaws, became extraordinary witnesses to the Gospel. He also invites the new Metropolitan Archbishops re…","Vatican News","controversy","religious leadership; archbishop appointments; Feast of Saints Peter and Paul; inspiration for clergy","Pope Leo XIV; Saints Peter and Paul; new Metropolitan Archbishops; Vatican News","During the Mass for the Solemnity of Saints Peter and Paul, Pope Leo XIV invited the faithful to be inspired by the two Patrons of Rome.; Pope Leo XIV also invited the new Metropolitan Archbishops to be 'Good Shepherds'.; The article was published by Vatican News on 2026-06-30 at 06:05:36 UTC.","Should the Pope use major feast days, such as the Solemnity of Saints Peter and Paul, to issue directives or expectations for newly appointed metropolitan archbishops?","On 30 June 2026, Vatican News reported that Pope Leo XIV, during the Mass for the Solemnity of Saints Peter and Paul, invited the faithful to be inspired by the two Patrons of Rome. In the same homily, he also called on the newly appointed metropolitan archbishops to act as 'Good Shepherds.'","Is it appropriate for a Pope to link liturgical celebrations with specific guidance for newly appointed archbishops?","10","10","7","10","10","9.4","9.4","1"
"Pope invites new Archbishops to be 'Good Shepherds' on Feast of Saints Peter and Paul - Vatican News","During the Mass for the Solemnity of Saints Peter and Paul, Pope Leo XIV invites the faithful to be inspired by the two Patrons of Rome who, despite their flaws, became extraordinary witnesses to the Gospel. He also invites the new Metropolitan Archbishops re…","Vatican News","viral","religious leadership; archbishop appointments; Feast of Saints Peter and Paul; inspiration for clergy","Pope Leo XIV; Saints Peter and Paul; new Metropolitan Archbishops; Vatican News","During the Mass for the Solemnity of Saints Peter and Paul, Pope Leo XIV invited the faithful to be inspired by the two Patrons of Rome.; Pope Leo XIV also invited the new Metropolitan Archbishops to be 'Good Shepherds'.; The article was published by Vatican News on 2026-06-30 at 06:05:36 UTC.","Should newly appointed metropolitan archbishops focus primarily on being 'Good Shepherds' rather than emphasizing administrative and institutional responsibilities?","On June 30, 2026, Vatican News reported that Pope Leo XIV, during the Mass for the Solemnity of Saints Peter and Paul, invited the faithful to be inspired by the two Patrons of Rome. In the same address, he also urged the newly appointed metropolitan archbishops to be 'Good Shepherds.'","In what ways should a metropolitan archbishop balance pastoral inspiration with the administrative duties of the office?","10","10","7","9","9","9","9","1"
"Pope invites new Archbishops to be 'Good Shepherds' on Feast of Saints Peter and Paul - Vatican News","During the Mass for the Solemnity of Saints Peter and Paul, Pope Leo XIV invites the faithful to be inspired by the two Patrons of Rome who, despite their flaws, became extraordinary witnesses to the Gospel. He also invites the new Metropolitan Archbishops re…","Vatican News","emotional","religious leadership; archbishop appointments; Feast of Saints Peter and Paul; inspiration for clergy","Pope Leo XIV; Saints Peter and Paul; new Metropolitan Archbishops; Vatican News","During the Mass for the Solemnity of Saints Peter and Paul, Pope Leo XIV invited the faithful to be inspired by the two Patrons of Rome.; Pope Leo XIV also invited the new Metropolitan Archbishops to be 'Good Shepherds'.; The article was published by Vatican News on 2026-06-30 at 06:05:36 UTC.","Should Pope Leo XIV’s invitation for new metropolitan archbishops to be “Good Shepherds” shape the criteria used for their appointment and oversight?","During the Mass for the Solemnity of Saints Peter and Paul, Pope Leo XIV invited the faithful to be inspired by the two Patrons of Rome. He also addressed the newly appointed metropolitan archbishops, urging them to act as “Good Shepherds.” The article reporting these remarks was published by Vatican News on 2026-06-30 at 06:05:36 UTC.","In what ways, if any, should the Pope’s call for archbishops to embody the ‘Good Shepherd’ model influence the selection and evaluation processes for these leaders?","9","10","9","9","9","9","9.2","1"
"Chinese billionaire Guo Wengui gets 30 years in US prison for huge fraud - Al Jazeera","A federal judge said Guo’s fraud cost more than 1,000 people worldwide hundreds of millions of dollars.","Al Jazeera English","philosophical","fraud; sentencing; financial crime; legal prosecution","Guo Wengui; Al Jazeera English; United States federal court; U.S. prison","Guo Wengui, a Chinese billionaire, was sentenced to 30 years in a U.S. prison for fraud.; A federal judge stated that Guo's fraud affected more than 1,000 people worldwide and involved hundreds of millions of dollars.","Should sentencing guidelines for large‑scale financial fraud be standardized internationally to ensure consistent punishment?","Guo Wengui, a Chinese billionaire, was sentenced to 30 years in a U.S. prison for fraud. A federal judge stated that Guo's fraud affected more than 1,000 people worldwide and involved hundreds of millions of dollars.","Is it appropriate to establish uniform international sentencing standards for high‑value financial crimes?","10","10","7","10","10","9.4","9.4","0"
"Chinese billionaire Guo Wengui gets 30 years in US prison for huge fraud - Al Jazeera","A federal judge said Guo’s fraud cost more than 1,000 people worldwide hundreds of millions of dollars.","Al Jazeera English","controversy","fraud; sentencing; financial crime; legal prosecution","Guo Wengui; Al Jazeera English; United States federal court; U.S. prison","Guo Wengui, a Chinese billionaire, was sentenced to 30 years in a U.S. prison for fraud.; A federal judge stated that Guo's fraud affected more than 1,000 people worldwide and involved hundreds of millions of dollars.","Should Guo Wengui's 30‑year prison sentence for large‑scale fraud be considered proportionate to the harm caused?","Guo Wengui, a Chinese billionaire, was sentenced to 30 years in a U.S. prison for fraud. A federal judge stated that Guo's fraud affected more than 1,000 people worldwide and involved hundreds of millions of dollars.","Is a 30‑year sentence an appropriate penalty for large‑scale financial fraud that harmed thousands of victims?","10","10","8","9","10","9.4","9.4","0"
"Chinese billionaire Guo Wengui gets 30 years in US prison for huge fraud - Al Jazeera","A federal judge said Guo’s fraud cost more than 1,000 people worldwide hundreds of millions of dollars.","Al Jazeera English","viral","fraud; sentencing; financial crime; legal prosecution","Guo Wengui; Al Jazeera English; United States federal court; U.S. prison","Guo Wengui, a Chinese billionaire, was sentenced to 30 years in a U.S. prison for fraud.; A federal judge stated that Guo's fraud affected more than 1,000 people worldwide and involved hundreds of millions of dollars.","Should lengthy prison sentences, such as 30 years, be the standard penalty for large-scale financial fraud?","Guo Wengui, a Chinese billionaire, was sentenced to 30 years in a U.S. prison for fraud. A federal judge stated that Guo's fraud affected more than 1,000 people worldwide and involved hundreds of millions of dollars.","What is the appropriate severity of prison sentences for large-scale financial fraud cases?","9","10","7","9","9","8.8","8.8","1"
"Alaska Supreme Court allows namesake challenger to U.S. Sen. Dan Sullivan to appear on the ballot - Anchorage Daily News","The Division of Elections had disqualified the Sullivan from Petersburg after receiving complaints from Republicans that he was trying to deceive voters to benefit the senator’s top Democratic challenger.","Anchorage Daily News","philosophical","ballot eligibility; election law; political party complaints; voter deception claims","Alaska Supreme Court; U.S. Sen. Dan Sullivan; namesake challenger; Division of Elections; Petersburg; Republicans; top Democratic challenger","The Alaska Supreme Court allowed a namesake challenger to U.S. Sen. Dan Sullivan to appear on the ballot.; The Division of Elections had disqualified the Sullivan from Petersburg after receiving complaints from Republicans.; Republicans claimed the challenger was trying to deceive voters to benefit the senator’s top Democratic challenger.","Should courts prioritize party complaints over voter familiarity when deciding ballot eligibility for candidates with similar names?","The Alaska Supreme Court allowed a namesake challenger to U.S. Senator Dan Sullivan to appear on the ballot. The Division of Elections had previously disqualified the challenger from Petersburg after receiving complaints from Republicans. Republicans claimed the challenger was trying to deceive voters to benefit the senator’s top Democratic challenger.","Is it appropriate for courts to give weight to political party complaints in determining ballot eligibility for candidates with identical or similar names?","9","10","6","10","9","9","8.8","1"
"Alaska Supreme Court allows namesake challenger to U.S. Sen. Dan Sullivan to appear on the ballot - Anchorage Daily News","The Division of Elections had disqualified the Sullivan from Petersburg after receiving complaints from Republicans that he was trying to deceive voters to benefit the senator’s top Democratic challenger.","Anchorage Daily News","emotional","ballot eligibility; election law; political party complaints; voter deception claims","Alaska Supreme Court; U.S. Sen. Dan Sullivan; namesake challenger; Division of Elections; Petersburg; Republicans; top Democratic challenger","The Alaska Supreme Court allowed a namesake challenger to U.S. Sen. Dan Sullivan to appear on the ballot.; The Division of Elections had disqualified the Sullivan from Petersburg after receiving complaints from Republicans.; Republicans claimed the challenger was trying to deceive voters to benefit the senator’s top Democratic challenger.","Should courts permit candidates with similar names to remain on the ballot when parties allege voter deception?","The Alaska Supreme Court allowed a namesake challenger to U.S. Sen. Dan Sullivan to appear on the ballot. The Division of Elections had disqualified the Sullivan from Petersburg after receiving complaints from Republicans. Republicans claimed the challenger was trying to deceive voters to benefit the senator’s top Democratic challenger.","Should courts prioritize strict ballot eligibility rules over potential voter confusion in cases of name similarity?","9","10","9","8","9","9","9","1"
"How Germany were handed a World Cup humbling and what it means to Paraguay - Al Jazeera","As well as Gill’s heroics, Paraguay’s unlikely victory was founded on coach Alfaro’s unshakeable faith in his defenders.","Al Jazeera English","philosophical","World Cup upset; football; underdog victory; coach confidence; player heroics","Germany; Paraguay; World Cup; Alfaro; Gill; Al Jazeera English","Germany were handed a World Cup humbling.; Paraguay achieved an unlikely victory.; Coach Alfaro had unshakeable faith in his defenders.; Gill performed heroics.","Should underdog teams be given greater strategic consideration in tournament planning?","Germany suffered a decisive loss in a World Cup match. Paraguay secured an unexpected victory in the same tournament. Coach Alfaro expressed unwavering confidence in his defensive lineup, and player Gill delivered standout performances during the competition.","To what extent should tournament organizers and opponents adjust their strategies to account for the potential of underdog teams achieving upset victories?","10","10","7","9","9","9","9","0"
"How Germany were handed a World Cup humbling and what it means to Paraguay - Al Jazeera","As well as Gill’s heroics, Paraguay’s unlikely victory was founded on coach Alfaro’s unshakeable faith in his defenders.","Al Jazeera English","controversy","World Cup upset; football; underdog victory; coach confidence; player heroics","Germany; Paraguay; World Cup; Alfaro; Gill; Al Jazeera English","Germany were handed a World Cup humbling.; Paraguay achieved an unlikely victory.; Coach Alfaro had unshakeable faith in his defenders.; Gill performed heroics.","Did Paraguay's upset over Germany demonstrate that strategic coaching and individual heroics can outweigh traditional football powerhouses?","Germany were handed a World Cup humbling. Paraguay achieved an unlikely victory. Coach Alfaro had unshakeable faith in his defenders. Gill performed heroics.","Did Paraguay's upset over Germany demonstrate that strategic coaching and individual heroics can outweigh traditional football powerhouses?","8","10","8","9","9","9","8.8","0"
"How Germany were handed a World Cup humbling and what it means to Paraguay - Al Jazeera","As well as Gill’s heroics, Paraguay’s unlikely victory was founded on coach Alfaro’s unshakeable faith in his defenders.","Al Jazeera English","viral","World Cup upset; football; underdog victory; coach confidence; player heroics","Germany; Paraguay; World Cup; Alfaro; Gill; Al Jazeera English","Germany were handed a World Cup humbling.; Paraguay achieved an unlikely victory.; Coach Alfaro had unshakeable faith in his defenders.; Gill performed heroics.","Should underdog teams be given more strategic support in major tournaments to capitalize on unexpected victories?","Germany suffered a surprising defeat in the World Cup, described as a humbling loss. Paraguay secured an unlikely victory in the same tournament. Coach Alfaro expressed unshakeable confidence in his defensive line, while player Gill delivered notable heroics on the field.","Should underdog teams receive increased strategic support to maximize their chances of upsetting stronger opponents in major tournaments?","9","10","7","10","9","9","9","0"
"How Germany were handed a World Cup humbling and what it means to Paraguay - Al Jazeera","As well as Gill’s heroics, Paraguay’s unlikely victory was founded on coach Alfaro’s unshakeable faith in his defenders.","Al Jazeera English","emotional","World Cup upset; football; underdog victory; coach confidence; player heroics","Germany; Paraguay; World Cup; Alfaro; Gill; Al Jazeera English","Germany were handed a World Cup humbling.; Paraguay achieved an unlikely victory.; Coach Alfaro had unshakeable faith in his defenders.; Gill performed heroics.","In international tournaments, should a coach prioritize unwavering confidence in defensive players over emphasizing star attackers to achieve upset victories?","Germany were handed a World Cup humbling. Paraguay achieved an unlikely victory. Coach Alfaro had unshakeable faith in his defenders. Gill performed heroics.","Should a coach prioritize trust in defensive players rather than focusing on star attackers to secure upset wins in major football tournaments?","9","9","9","7","9","9","8.6","0"